created_at,PM1.0_CF1_ug/m3,PM2.5_CF1_ug/m3,PM10.0_CF1_ug/m3,UptimeMinutes,RSSI_dbm,Temperature_F,Humidity_%,PM2.5_ATM_ug/m3,
2022-10-01 00:00:00 UTC,0.00,0.00,0.02,6546.00,-90.17,61.80,48.93,0.00
2022-10-01 01:00:00 UTC,0.00,0.00,0.04,6606.00,-90.30,61.57,51.27,0.00
2022-10-01 02:00:00 UTC,0.00,0.01,0.12,6666.00,-89.53,61.37,51.43,0.01
2022-10-01 03:00:00 UTC,0.00,0.02,0.11,6726.00,-90.47,61.57,49.87,0.02
2022-10-01 04:00:00 UTC,0.93,1.97,2.28,6786.00,-89.80,61.03,50.83,1.97
2022-10-01 05:00:00 UTC,0.76,2.09,2.37,6846.00,-90.23,60.87,51.20,2.09
2022-10-01 06:00:00 UTC,0.76,2.08,2.42,6906.00,-90.13,62.90,48.57,2.08
2022-10-01 07:00:00 UTC,0.19,1.40,1.72,6966.00,-89.97,63.90,48.07,1.40
2022-10-01 08:00:00 UTC,0.16,0.94,1.25,7026.00,-89.20,68.07,44.33,0.94
2022-10-01 09:00:00 UTC,0.00,0.33,0.45,7086.00,-89.93,69.13,40.77,0.33
2022-10-01 10:00:00 UTC,0.02,0.10,0.19,7146.00,-89.53,69.43,44.07,0.10
2022-10-01 11:00:00 UTC,0.00,0.03,0.06,7206.00,-89.33,69.07,47.17,0.03
2022-10-01 12:00:00 UTC,0.00,0.30,0.42,7266.00,-89.67,72.53,42.10,0.30
2022-10-01 13:00:00 UTC,0.00,0.00,0.00,7326.00,-89.07,72.53,47.03,0.00
2022-10-01 14:00:00 UTC,0.00,0.00,0.00,7386.00,-89.67,70.00,53.93,0.00
2022-10-01 15:00:00 UTC,0.00,0.00,0.00,7446.00,-89.60,69.30,54.33,0.00
2022-10-01 16:00:00 UTC,0.00,0.01,0.01,7506.00,-90.23,71.03,53.10,0.01
2022-10-01 17:00:00 UTC,0.04,0.17,0.22,7566.00,-89.73,69.03,58.10,0.17
2022-10-01 18:00:00 UTC,2.45,4.71,5.10,7626.00,-90.60,68.20,64.00,4.69
2022-10-01 19:00:00 UTC,0.23,0.70,0.91,7686.00,-90.43,68.37,65.73,0.70
2022-10-01 20:00:00 UTC,0.07,0.28,0.39,7746.00,-90.90,69.33,62.93,0.28
2022-10-01 21:00:00 UTC,0.00,0.01,0.04,7806.00,-89.47,68.83,61.60,0.01
2022-10-01 22:00:00 UTC,0.36,0.84,1.16,7866.00,-89.63,69.43,61.17,0.84
2022-10-01 23:00:00 UTC,0.34,1.08,1.41,7926.00,-89.20,69.90,59.40,1.08,
2022-10-02 00:00:00 UTC,0.00,0.00,0.01,7986.00,-88.40,70.27,58.83,0.00
2022-10-02 01:00:00 UTC,0.00,0.00,0.02,8046.00,-88.50,69.73,59.20,0.00
2022-10-02 02:00:00 UTC,0.00,0.00,0.00,8106.00,-88.60,69.37,59.80,0.00
2022-10-02 03:00:00 UTC,0.00,0.00,0.00,8166.00,-88.83,68.50,61.87,0.00
2022-10-02 04:00:00 UTC,0.00,0.00,0.02,8226.00,-88.47,67.53,64.50,0.00
2022-10-02 05:00:00 UTC,0.01,0.23,0.54,8286.00,-88.90,67.27,66.20,0.23
2022-10-02 06:00:00 UTC,0.32,1.61,1.96,8346.00,-89.47,68.23,63.13,1.61
2022-10-02 07:00:00 UTC,0.25,1.42,1.88,8406.00,-89.57,72.23,57.53,1.42
2022-10-02 08:00:00 UTC,0.03,0.10,0.32,8466.00,-91.53,76.50,50.10,0.10
2022-10-02 09:00:00 UTC,0.00,0.00,0.01,8525.14,-93.21,77.10,48.90,0.00
2022-10-02 10:00:00 UTC,0.00,0.00,0.00,8588.68,-91.07,79.25,45.04,0.00
2022-10-02 11:00:00 UTC,0.00,0.00,0.02,8647.00,-90.63,81.40,43.07,0.00
2022-10-02 12:00:00 UTC,0.00,0.00,0.00,8707.00,-90.10,77.83,47.60,0.00
2022-10-02 13:00:00 UTC,0.00,0.00,0.00,8767.00,-89.73,78.23,47.60,0.00
2022-10-02 14:00:00 UTC,0.00,0.00,0.00,8827.00,-89.47,72.10,58.43,0.00
2022-10-02 15:00:00 UTC,0.00,0.00,0.00,8887.00,-89.77,73.13,54.80,0.00
2022-10-02 16:00:00 UTC,0.00,0.02,0.06,8947.00,-90.83,74.37,54.17,0.02
2022-10-02 17:00:00 UTC,0.00,0.00,0.00,9007.00,-90.17,71.17,60.53,0.00
2022-10-02 18:00:00 UTC,0.03,0.12,0.13,9067.00,-90.90,70.70,62.77,0.12
2022-10-02 19:00:00 UTC,0.00,0.00,0.01,9127.00,-90.60,69.60,63.00,0.00
2022-10-02 20:00:00 UTC,0.00,0.16,0.26,9187.00,-91.10,71.50,58.93,0.16
2022-10-02 21:00:00 UTC,0.02,0.41,0.60,9247.00,-90.27,71.17,57.53,0.41
2022-10-02 22:00:00 UTC,0.13,0.76,1.03,9307.00,-89.67,70.97,56.67,0.76
2022-10-02 23:00:00 UTC,0.00,0.00,0.01,9367.00,-90.07,70.80,52.80,0.00,
2022-10-03 00:00:00 UTC,0.00,0.00,0.02,9427.00,-89.50,70.90,50.23,0.00
2022-10-03 01:00:00 UTC,0.00,0.00,0.00,9487.00,-89.87,70.37,51.40,0.00
2022-10-03 02:00:00 UTC,0.02,0.14,0.23,9547.00,-90.00,69.87,51.17,0.14
2022-10-03 03:00:00 UTC,0.00,0.00,0.00,9607.00,-89.73,68.87,52.10,0.00
2022-10-03 04:00:00 UTC,0.00,0.00,0.00,9667.00,-89.53,68.63,52.97,0.00
2022-10-03 05:00:00 UTC,0.06,0.37,0.49,9727.00,-90.33,68.53,53.60,0.37
2022-10-03 06:00:00 UTC,0.65,1.67,1.96,9787.00,-90.53,69.30,53.93,1.67
2022-10-03 07:00:00 UTC,0.14,0.42,0.53,9847.00,-90.77,71.00,52.33,0.42
2022-10-03 08:00:00 UTC,0.04,0.11,0.14,9907.00,-90.07,71.60,52.33,0.11
2022-10-03 09:00:00 UTC,0.19,0.51,0.61,9967.00,-90.33,74.67,48.13,0.51
2022-10-03 10:00:00 UTC,0.03,0.08,0.16,10027.00,-90.33,75.23,47.67,0.08
2022-10-03 11:00:00 UTC,8.17,11.27,11.70,10087.00,-90.37,76.67,45.60,11.03
2022-10-03 12:00:00 UTC,0.00,0.00,0.00,10147.00,-90.63,81.90,36.97,0.00
2022-10-03 13:00:00 UTC,0.00,0.00,0.00,10207.00,-91.07,79.17,39.80,0.00
2022-10-03 14:00:00 UTC,0.00,0.00,0.00,10267.00,-90.50,83.33,35.00,0.00
2022-10-03 15:00:00 UTC,0.16,0.33,0.34,10327.00,-91.13,87.73,32.07,0.33
2022-10-03 16:00:00 UTC,0.30,0.74,0.99,10387.00,-91.97,90.83,29.10,0.74
2022-10-03 17:00:00 UTC,0.74,2.07,2.45,10447.00,-92.20,81.10,37.73,1.98
2022-10-03 18:00:00 UTC,7.85,13.68,14.82,10507.00,-89.60,77.20,43.53,13.19
2022-10-03 19:00:00 UTC,17.40,27.85,29.51,10567.00,-88.70,75.47,47.13,25.46
2022-10-03 20:00:00 UTC,17.14,24.81,25.77,10627.00,-88.90,73.90,49.13,24.74
2022-10-03 21:00:00 UTC,5.20,9.41,10.14,10687.00,-88.37,72.13,50.70,9.41
2022-10-03 22:00:00 UTC,2.28,4.45,4.72,10747.00,-88.07,69.77,53.87,4.45
2022-10-03 23:00:00 UTC,0.15,1.42,1.75,10807.00,-88.27,68.10,54.57,1.42,
2022-10-04 00:00:00 UTC,0.00,0.41,0.82,10867.00,-88.60,67.73,53.33,0.41
2022-10-04 01:00:00 UTC,0.00,0.10,0.38,10927.00,-88.57,66.73,53.53,0.10
2022-10-04 02:00:00 UTC,0.01,0.04,0.25,10987.00,-88.13,66.40,53.03,0.04
2022-10-04 03:00:00 UTC,0.00,0.05,0.15,11047.00,-87.90,66.50,52.53,0.05
2022-10-04 04:00:00 UTC,0.00,0.11,0.40,11107.00,-88.33,65.10,54.77,0.11
2022-10-04 05:00:00 UTC,0.03,0.33,0.66,11167.00,-89.03,64.57,55.90,0.33
2022-10-04 06:00:00 UTC,0.24,1.21,1.58,11227.00,-89.87,66.00,54.10,1.21
2022-10-04 07:00:00 UTC,0.51,1.65,2.06,11287.00,-90.10,71.37,47.03,1.65
2022-10-04 08:00:00 UTC,1.87,4.07,4.46,11347.00,-90.70,71.83,47.83,4.07
2022-10-04 09:00:00 UTC,2.52,4.96,5.63,11407.00,-91.23,74.57,44.10,4.96
2022-10-04 10:00:00 UTC,1.87,3.63,3.92,11467.00,-90.77,76.77,42.37,3.63
2022-10-04 11:00:00 UTC,1.07,2.91,3.25,11527.00,-90.33,78.87,45.77,2.91
2022-10-04 12:00:00 UTC,1.10,2.97,3.30,11587.00,-90.13,85.10,40.83,2.97
2022-10-04 13:00:00 UTC,1.52,3.26,3.60,11647.00,-89.33,84.40,42.97,3.26
2022-10-04 14:00:00 UTC,1.68,3.74,4.07,11707.00,-89.97,85.93,41.63,3.74
2022-10-04 15:00:00 UTC,1.33,3.07,3.42,11767.00,-90.20,84.57,42.67,3.07
2022-10-04 16:00:00 UTC,1.99,3.93,4.24,11827.00,-89.33,85.30,41.97,3.93
2022-10-04 17:00:00 UTC,2.59,4.82,5.30,11887.00,-89.67,78.10,50.80,4.82
2022-10-04 18:00:00 UTC,5.22,9.00,9.66,11947.00,-90.63,75.07,56.03,8.79
2022-10-04 19:00:00 UTC,10.33,17.37,18.26,12007.00,-88.70,74.17,57.67,17.37
2022-10-04 20:00:00 UTC,6.75,11.57,12.12,12067.00,-89.87,71.40,62.23,11.45
2022-10-04 21:00:00 UTC,13.01,20.69,21.44,12127.00,-89.23,70.80,64.13,20.67
2022-10-04 22:00:00 UTC,7.02,12.67,13.82,12187.00,-89.10,69.40,64.73,12.67
2022-10-04 23:00:00 UTC,10.39,16.81,17.77,12247.00,-88.70,69.40,64.07,16.81,
2022-10-05 00:00:00 UTC,4.08,6.45,6.93,12307.00,-88.57,68.87,64.70,6.45
2022-10-05 01:00:00 UTC,6.62,14.45,15.51,12367.00,-88.37,66.97,69.33,14.45
2022-10-05 02:00:00 UTC,7.14,16.17,17.02,12427.00,-88.97,67.40,70.37,16.17
2022-10-05 03:00:00 UTC,6.16,13.48,14.82,12487.00,-89.57,67.70,68.03,13.48
2022-10-05 04:00:00 UTC,4.86,8.30,8.99,12546.00,-89.24,68.24,64.55,8.30
2022-10-05 05:00:00 UTC,4.33,7.11,7.54,12605.00,-89.93,67.90,65.23,7.11
2022-10-05 06:00:00 UTC,3.13,5.44,5.82,12665.00,-89.50,67.67,64.73,5.44
2022-10-05 07:00:00 UTC,5.09,8.37,9.12,12725.00,-90.00,71.17,59.10,8.37
2022-10-05 08:00:00 UTC,1.92,3.80,4.12,12785.00,-89.33,74.93,53.30,3.80
2022-10-05 09:00:00 UTC,0.39,1.90,2.17,12845.00,-89.53,77.93,47.80,1.90
2022-10-05 10:00:00 UTC,0.20,1.17,1.53,12905.00,-88.90,79.17,46.00,1.17
2022-10-05 11:00:00 UTC,2.07,4.03,4.37,12965.00,-89.63,82.23,44.30,4.03
2022-10-05 12:00:00 UTC,2.93,4.73,5.08,13025.00,-89.90,90.57,34.60,4.73
2022-10-05 13:00:00 UTC,1.65,3.32,3.53,13085.00,-89.60,92.00,32.37,3.32
2022-10-05 14:00:00 UTC,0.08,0.54,0.84,13145.47,-90.47,87.47,34.17,0.54
2022-10-05 15:00:00 UTC,0.45,1.98,2.31,13206.00,-88.73,81.90,43.27,1.98
2022-10-05 16:00:00 UTC,3.88,6.43,6.77,13266.00,-88.77,78.07,53.07,6.43
2022-10-05 17:00:00 UTC,11.54,17.48,18.18,13326.00,-89.57,76.13,56.43,17.22
2022-10-05 18:00:00 UTC,19.87,28.02,28.75,13386.00,-90.63,75.07,58.93,27.15
2022-10-05 19:00:00 UTC,23.13,33.99,35.03,13446.00,-90.23,73.27,63.07,31.77
2022-10-05 20:00:00 UTC,18.27,28.62,29.46,13506.00,-89.93,72.00,64.10,27.06
2022-10-05 21:00:00 UTC,15.66,23.83,24.52,13566.00,-89.50,70.23,68.77,23.66
2022-10-05 22:00:00 UTC,23.61,35.87,36.82,13626.00,-89.17,71.17,66.07,33.04
2022-10-05 23:00:00 UTC,17.38,24.82,25.65,13686.00,-89.40,70.43,64.07,24.82,
2022-10-06 00:00:00 UTC,22.94,34.71,35.71,13746.00,-89.77,69.90,65.80,32.10
2022-10-06 01:00:00 UTC,22.20,33.28,34.06,13806.00,-89.57,68.93,66.27,31.24
2022-10-06 02:00:00 UTC,11.66,19.73,20.40,13866.00,-89.07,67.80,64.97,19.63
2022-10-06 03:00:00 UTC,9.16,18.02,18.63,13926.00,-89.17,66.57,65.93,18.02
2022-10-06 04:00:00 UTC,7.99,15.84,16.63,13986.00,-89.83,65.60,66.97,15.84
2022-10-06 05:00:00 UTC,6.07,9.54,10.26,14046.00,-89.67,64.13,67.73,9.54
2022-10-06 06:00:00 UTC,5.80,9.08,9.63,14106.00,-89.10,66.30,63.67,9.08
2022-10-06 07:00:00 UTC,11.91,19.35,20.05,14166.00,-88.83,71.20,56.23,19.33
2022-10-06 08:00:00 UTC,16.93,23.48,24.21,14226.00,-90.57,72.20,54.70,23.48
2022-10-06 09:00:00 UTC,7.00,12.38,13.10,14286.00,-89.83,74.27,52.97,12.37
2022-10-06 10:00:00 UTC,4.11,7.07,7.51,14346.00,-90.07,75.87,52.67,7.07
2022-10-06 11:00:00 UTC,3.14,5.59,5.99,14406.00,-89.53,77.43,50.93,5.59
2022-10-06 12:00:00 UTC,4.33,7.40,7.94,14466.00,-89.53,80.77,46.60,7.40
2022-10-06 13:00:00 UTC,3.94,6.99,7.51,14526.00,-89.57,78.87,50.73,6.99
2022-10-06 14:00:00 UTC,1.45,3.38,3.71,14586.00,-89.30,80.07,48.77,3.38
2022-10-06 15:00:00 UTC,1.55,3.63,3.98,14646.00,-90.47,82.30,44.90,3.49
2022-10-06 16:00:00 UTC,2.90,5.52,5.88,14706.00,-90.77,84.10,42.10,5.52
2022-10-06 17:00:00 UTC,2.57,4.41,4.56,14766.00,-91.07,77.57,49.83,4.41
2022-10-06 18:00:00 UTC,4.86,9.68,10.37,14826.00,-91.57,75.07,52.90,8.74
2022-10-06 19:00:00 UTC,15.87,22.77,23.45,14886.00,-92.10,75.10,54.13,22.59
2022-10-06 20:00:00 UTC,17.24,23.28,24.15,14946.00,-91.40,73.00,57.33,23.28
2022-10-06 21:00:00 UTC,10.23,16.62,17.44,15006.00,-91.37,72.83,55.60,16.62
2022-10-06 22:00:00 UTC,7.51,12.94,14.05,15066.00,-90.87,70.03,58.20,12.86
2022-10-06 23:00:00 UTC,7.95,15.10,16.16,15126.00,-91.33,68.93,61.83,15.10,
2022-10-07 00:00:00 UTC,7.88,14.73,15.64,15186.00,-90.93,68.70,61.77,14.73
2022-10-07 01:00:00 UTC,22.14,34.57,35.84,15246.00,-91.07,67.90,63.17,29.44
2022-10-07 02:00:00 UTC,5.69,8.72,9.11,15306.00,-90.87,67.40,62.87,8.72
2022-10-07 03:00:00 UTC,5.63,8.49,8.83,15366.00,-91.27,67.40,62.93,8.49
2022-10-07 04:00:00 UTC,6.04,9.28,9.88,15426.00,-91.50,65.83,65.00,9.28
2022-10-07 05:00:00 UTC,6.43,10.23,10.94,15486.00,-91.30,65.33,65.60,10.23
2022-10-07 06:00:00 UTC,7.61,14.22,15.31,15546.00,-91.83,67.00,63.47,14.22
2022-10-07 07:00:00 UTC,8.08,15.66,16.61,15606.00,-92.33,69.03,58.70,15.66
2022-10-07 08:00:00 UTC,10.29,18.38,18.93,15666.00,-90.43,73.73,51.83,18.38
2022-10-07 09:00:00 UTC,13.59,20.69,21.52,15726.00,-90.63,74.73,51.07,20.65
2022-10-07 10:00:00 UTC,4.09,7.05,7.50,15786.00,-89.73,76.43,47.50,7.05
2022-10-07 11:00:00 UTC,2.88,5.18,5.55,15846.00,-90.37,78.57,47.33,5.18
2022-10-07 12:00:00 UTC,4.16,7.26,7.60,15906.00,-89.53,79.63,48.97,7.26
2022-10-07 13:00:00 UTC,8.11,15.89,16.59,15966.00,-90.20,81.00,44.53,15.89
2022-10-07 14:00:00 UTC,14.68,23.35,23.89,16026.00,-90.20,78.37,45.27,23.26
2022-10-07 15:00:00 UTC,11.90,20.78,21.24,16086.00,-90.37,81.57,42.57,20.78
2022-10-07 16:00:00 UTC,16.25,23.83,24.41,16146.00,-90.70,79.30,48.40,23.80
2022-10-07 17:00:00 UTC,21.08,30.01,30.71,16206.00,-90.63,77.10,53.23,29.30
2022-10-07 18:00:00 UTC,17.81,26.37,27.01,16266.00,-90.97,73.67,59.80,26.24
2022-10-07 19:00:00 UTC,29.99,48.27,49.88,16326.00,-91.13,73.73,59.63,37.95
2022-10-07 20:00:00 UTC,28.16,42.08,43.45,16386.00,-90.60,73.70,55.83,36.70
2022-10-07 21:00:00 UTC,26.31,39.08,40.23,16446.00,-91.07,73.33,58.00,34.84
2022-10-07 22:00:00 UTC,27.38,42.18,43.30,16506.00,-89.90,70.87,58.70,36.78
2022-10-07 23:00:00 UTC,24.07,35.57,36.66,16566.00,-90.77,69.67,56.93,32.92,
2022-10-08 00:00:00 UTC,20.84,31.18,32.03,16626.00,-90.03,67.20,57.67,29.99
2022-10-08 01:00:00 UTC,19.26,28.38,29.13,16686.00,-89.67,67.13,57.47,28.24
2022-10-08 02:00:00 UTC,19.11,27.74,28.46,16746.00,-89.60,67.33,56.67,27.69
2022-10-08 03:00:00 UTC,20.29,30.65,31.54,16806.00,-89.53,68.07,58.63,29.80
2022-10-08 04:00:00 UTC,20.36,30.87,31.74,16866.00,-89.70,67.70,60.27,30.01
2022-10-08 05:00:00 UTC,19.56,29.42,30.16,16926.00,-89.50,67.80,59.20,29.03
2022-10-08 06:00:00 UTC,17.39,25.69,26.23,16986.00,-90.47,67.70,58.17,25.68
2022-10-08 07:00:00 UTC,18.33,27.75,28.45,17046.00,-90.70,69.23,57.17,27.65
2022-10-08 08:00:00 UTC,20.00,29.82,30.75,17106.00,-90.40,69.00,59.33,29.03
2022-10-08 09:00:00 UTC,21.85,32.63,33.70,17166.00,-91.07,71.43,57.27,31.07
2022-10-08 10:00:00 UTC,18.99,28.20,29.00,17226.00,-90.73,74.03,53.33,27.49
2022-10-08 11:00:00 UTC,19.02,28.09,28.92,17286.00,-91.07,75.90,51.00,27.85
2022-10-08 12:00:00 UTC,10.84,18.07,18.80,17346.00,-90.90,73.97,52.07,18.07
2022-10-08 13:00:00 UTC,1.70,4.20,4.62,17406.00,-91.07,73.43,49.67,4.20
2022-10-08 14:00:00 UTC,4.95,9.02,9.52,17466.00,-90.63,73.73,52.67,9.02
2022-10-08 15:00:00 UTC,3.17,5.83,6.13,17526.00,-91.47,72.70,52.27,5.83
2022-10-08 16:00:00 UTC,5.58,9.96,10.66,17586.00,-91.20,71.93,54.97,9.96
2022-10-08 17:00:00 UTC,26.53,34.86,35.50,17646.00,-91.03,72.17,55.67,30.15
2022-10-08 18:00:00 UTC,19.71,27.70,28.67,17706.00,-91.17,72.20,56.20,27.57
2022-10-08 19:00:00 UTC,21.03,30.06,30.82,17766.20,-91.00,72.80,56.57,29.38
2022-10-08 20:00:00 UTC,20.46,29.11,29.95,17827.00,-90.97,72.53,56.80,28.81
2022-10-08 21:00:00 UTC,21.52,31.40,32.34,17887.00,-90.70,71.10,59.40,30.28
2022-10-08 22:00:00 UTC,20.69,30.09,30.80,17947.00,-90.83,70.23,60.17,29.56
2022-10-08 23:00:00 UTC,19.48,28.52,29.25,18007.00,-90.47,69.30,61.27,28.32,
2022-10-09 00:00:00 UTC,18.30,26.75,27.45,18067.00,-90.87,70.17,58.27,26.74
2022-10-09 01:00:00 UTC,17.12,25.22,25.86,18127.00,-90.23,68.47,60.53,25.22
2022-10-09 02:00:00 UTC,16.20,24.22,24.71,18187.00,-90.43,67.77,61.97,24.22
2022-10-09 03:00:00 UTC,9.10,18.48,18.99,18247.00,-90.30,68.10,62.70,18.48
2022-10-09 04:00:00 UTC,11.19,20.55,21.12,18307.00,-90.47,68.60,62.53,20.55
2022-10-09 05:00:00 UTC,12.60,22.07,22.79,18367.00,-90.70,69.13,64.50,22.06
2022-10-09 06:00:00 UTC,19.07,28.54,29.38,18427.00,-90.30,70.70,62.23,28.32
2022-10-09 07:00:00 UTC,19.67,30.04,30.68,18487.00,-90.83,72.10,60.37,29.10
2022-10-09 08:00:00 UTC,7.23,14.17,14.78,18547.00,-90.00,71.50,60.83,14.16
2022-10-09 09:00:00 UTC,0.91,2.54,2.83,18606.86,-91.39,70.68,59.46,2.54
2022-10-09 10:00:00 UTC,0.04,0.72,0.94,18667.12,-91.92,73.46,55.12,0.72
2022-10-09 11:00:00 UTC,0.00,0.05,0.23,18728.19,-92.15,73.35,52.62,0.05
2022-10-09 12:00:00 UTC,0.00,0.00,0.07,18788.88,-92.17,76.50,49.54,0.00
2022-10-09 13:00:00 UTC,0.00,0.00,0.01,18846.52,-91.52,74.36,50.36,0.00
2022-10-09 14:00:00 UTC,0.00,0.00,0.04,18906.00,-91.79,73.90,50.24,0.00
2022-10-09 15:00:00 UTC,0.28,1.09,1.60,18969.13,-92.17,73.96,51.39,1.09
2022-10-09 16:00:00 UTC,0.01,1.05,1.28,19026.00,-91.33,74.43,51.97,1.05
2022-10-09 17:00:00 UTC,1.94,4.07,4.38,19086.00,-91.93,73.83,53.37,4.07
2022-10-09 18:00:00 UTC,2.30,4.43,4.74,19146.00,-91.60,73.30,54.37,4.43
2022-10-09 19:00:00 UTC,5.11,8.99,9.48,19206.10,-91.76,72.79,56.03,8.71
2022-10-09 20:00:00 UTC,2.67,4.91,5.14,19266.00,-92.07,71.43,57.40,4.91
2022-10-09 21:00:00 UTC,0.40,2.21,2.43,19326.00,-91.60,71.13,56.33,2.21
2022-10-09 22:00:00 UTC,0.19,1.58,1.90,19386.00,-91.80,71.23,55.70,1.58
2022-10-09 23:00:00 UTC,0.07,1.17,1.50,19446.00,-91.50,69.83,54.83,1.17,
2022-10-10 00:00:00 UTC,0.08,0.89,1.20,19506.00,-92.00,71.23,53.27,0.89
2022-10-10 01:00:00 UTC,0.30,1.42,1.73,19566.00,-92.43,70.93,54.50,1.42
2022-10-10 02:00:00 UTC,0.06,1.20,1.46,19626.00,-91.53,69.23,57.13,1.20
2022-10-10 03:00:00 UTC,0.31,1.68,1.98,19686.00,-92.20,69.83,57.40,1.68
2022-10-10 04:00:00 UTC,0.46,1.85,2.15,19746.00,-92.50,69.93,56.80,1.85
2022-10-10 05:00:00 UTC,0.94,2.93,3.15,19806.00,-92.20,69.73,56.07,2.93
2022-10-10 06:00:00 UTC,2.38,4.75,5.04,19866.00,-91.23,70.93,54.83,4.75
2022-10-10 07:00:00 UTC,3.53,5.98,6.34,19926.36,-89.89,72.04,53.36,5.98
2022-10-10 08:00:00 UTC,1.03,2.87,3.12,19986.00,-89.30,75.10,48.40,2.87
2022-10-10 09:00:00 UTC,0.58,2.49,2.85,20046.00,-87.87,76.07,48.93,2.49
2022-10-10 10:00:00 UTC,0.35,1.26,1.51,20106.00,-87.43,76.37,50.93,1.26
2022-10-10 11:00:00 UTC,0.12,0.82,1.02,20166.00,-88.10,76.43,51.57,0.82
2022-10-10 12:00:00 UTC,0.07,0.72,1.04,20226.00,-87.43,77.83,50.23,0.72
2022-10-10 13:00:00 UTC,0.84,2.54,2.86,20286.00,-87.30,78.83,49.00,2.54
2022-10-10 14:00:00 UTC,0.39,2.01,2.26,20346.00,-87.50,81.90,44.73,2.01
2022-10-10 15:00:00 UTC,0.43,2.11,2.45,20406.00,-86.80,82.43,43.83,2.11
2022-10-10 16:00:00 UTC,0.77,2.43,2.67,20466.00,-87.70,80.23,45.73,2.43
2022-10-10 17:00:00 UTC,1.32,3.14,3.43,20526.00,-87.40,76.30,53.43,3.14
2022-10-10 18:00:00 UTC,2.36,4.39,4.66,20586.00,-87.33,76.17,55.60,4.39
2022-10-10 19:00:00 UTC,4.90,8.19,8.56,20646.00,-89.10,75.50,60.23,8.13
2022-10-10 20:00:00 UTC,4.83,7.85,8.45,20706.00,-89.40,74.50,62.03,7.85
2022-10-10 21:00:00 UTC,5.57,9.21,9.90,20766.00,-89.40,74.40,61.87,9.21
2022-10-10 22:00:00 UTC,8.62,15.87,16.82,20826.00,-89.67,73.83,60.67,15.87
2022-10-10 23:00:00 UTC,9.47,17.44,18.03,20886.00,-89.40,70.93,61.90,17.44,
2022-10-11 00:00:00 UTC,5.88,9.75,10.54,20946.00,-88.90,69.33,62.33,9.75
2022-10-11 01:00:00 UTC,4.41,7.18,7.45,21006.00,-89.27,68.30,62.43,7.18
2022-10-11 02:00:00 UTC,3.97,6.59,6.88,21066.00,-89.57,68.77,60.77,6.59
2022-10-11 03:00:00 UTC,3.21,5.61,5.89,21126.00,-88.87,65.77,64.47,5.61
2022-10-11 04:00:00 UTC,2.44,4.65,4.87,21186.00,-89.73,65.77,63.77,4.65
2022-10-11 05:00:00 UTC,2.72,4.77,4.98,21246.00,-89.70,66.23,61.87,4.77
2022-10-11 06:00:00 UTC,3.22,5.63,5.88,21306.00,-89.80,66.60,61.67,5.63
2022-10-11 07:00:00 UTC,4.27,7.20,7.52,21366.00,-90.57,68.60,57.90,7.20
2022-10-11 08:00:00 UTC,3.55,6.23,6.48,21426.00,-91.40,73.50,50.53,6.23
2022-10-11 09:00:00 UTC,2.53,5.13,5.43,21486.00,-90.40,76.40,49.33,5.13
2022-10-11 10:00:00 UTC,1.43,3.85,4.08,21546.00,-90.13,75.67,53.47,3.85
2022-10-11 11:00:00 UTC,0.69,2.25,2.42,21606.00,-89.73,78.30,47.03,2.25
2022-10-11 12:00:00 UTC,0.43,2.08,2.32,21666.00,-90.00,80.53,43.87,2.08
2022-10-11 13:00:00 UTC,1.38,3.63,3.85,21726.00,-89.80,82.10,43.83,3.63
2022-10-11 14:00:00 UTC,1.16,3.30,3.54,21786.00,-89.63,81.83,42.80,3.30
2022-10-11 15:00:00 UTC,2.40,4.93,5.22,21846.00,-90.73,77.97,50.03,4.93
2022-10-11 16:00:00 UTC,6.53,12.04,12.87,21906.00,-89.87,74.93,56.90,12.04
2022-10-11 17:00:00 UTC,9.53,17.55,18.18,21966.00,-89.67,73.93,60.63,17.55
2022-10-11 18:00:00 UTC,8.61,16.16,17.02,22026.00,-89.67,73.97,61.07,16.14
2022-10-11 19:00:00 UTC,18.53,27.56,28.36,22086.00,-90.03,74.40,57.17,26.12
2022-10-11 20:00:00 UTC,14.98,22.58,23.35,22146.00,-89.57,73.73,52.77,22.58
2022-10-11 21:00:00 UTC,12.30,20.48,21.14,22206.00,-89.27,72.63,53.10,20.48
2022-10-11 22:00:00 UTC,14.92,22.33,23.03,22266.00,-89.43,71.17,56.23,22.33
2022-10-11 23:00:00 UTC,10.71,19.83,20.28,22326.00,-89.27,69.33,58.70,19.83,
2022-10-12 00:00:00 UTC,11.64,19.90,20.80,22386.00,-89.00,68.83,59.53,19.90
2022-10-12 01:00:00 UTC,6.92,13.13,14.17,22446.00,-88.67,66.80,62.13,13.13
2022-10-12 02:00:00 UTC,6.92,12.57,13.89,22506.00,-89.07,67.03,62.93,12.57
2022-10-12 03:00:00 UTC,6.06,9.92,10.70,22566.00,-88.97,66.67,63.23,9.92
2022-10-12 04:00:00 UTC,5.67,9.06,9.74,22626.00,-89.57,67.03,62.27,9.06
2022-10-12 05:00:00 UTC,5.76,9.59,10.27,22686.00,-89.37,67.07,61.83,9.59
2022-10-12 06:00:00 UTC,7.17,14.42,15.60,22746.00,-89.47,67.77,60.90,14.42
2022-10-12 07:00:00 UTC,9.13,18.01,18.64,22806.00,-90.17,69.80,57.37,18.01
2022-10-12 08:00:00 UTC,11.25,19.66,20.31,22866.00,-91.13,72.37,52.23,19.53
2022-10-12 09:00:00 UTC,8.49,16.99,18.05,22926.00,-92.77,77.67,44.97,16.71
2022-10-12 10:00:00 UTC,10.69,17.01,17.80,22986.00,-91.47,80.57,43.07,16.50
2022-10-12 11:00:00 UTC,2.21,5.15,5.49,23046.00,-89.87,78.97,42.03,5.15
2022-10-12 12:00:00 UTC,2.59,5.76,6.23,23106.00,-90.43,78.97,42.10,5.76
2022-10-12 13:00:00 UTC,3.83,7.79,8.44,23166.00,-90.53,78.67,45.00,7.79
2022-10-12 14:00:00 UTC,5.44,10.90,11.65,23226.00,-89.33,80.97,43.43,10.90
2022-10-12 15:00:00 UTC,7.13,15.02,15.62,23286.00,-89.40,83.07,41.93,15.02
2022-10-12 16:00:00 UTC,7.69,15.70,16.38,23346.00,-85.43,78.67,47.33,15.70
2022-10-12 17:00:00 UTC,8.19,17.01,17.59,23406.00,-85.87,75.00,52.97,16.96
2022-10-12 18:00:00 UTC,8.10,16.77,17.55,23466.00,-88.83,74.43,52.77,16.77
2022-10-12 19:00:00 UTC,20.51,30.94,31.73,23526.00,-87.83,74.20,54.23,29.40
2022-10-12 20:00:00 UTC,22.89,34.03,35.05,23586.00,-87.87,73.27,54.47,31.92
2022-10-12 21:00:00 UTC,24.38,37.37,38.56,23646.00,-87.53,72.07,55.33,33.75
2022-10-12 22:00:00 UTC,20.81,30.84,31.57,23706.00,-87.60,70.57,57.50,29.86
2022-10-12 23:00:00 UTC,21.02,31.68,32.68,23766.00,-87.40,68.43,61.17,30.45,
2022-10-13 00:00:00 UTC,20.30,30.82,31.71,23826.00,-86.87,67.73,63.03,29.91
2022-10-13 01:00:00 UTC,18.25,27.23,28.16,23886.00,-87.13,66.97,63.33,27.13
2022-10-13 02:00:00 UTC,17.55,25.81,26.60,23946.00,-86.77,66.03,64.27,25.81
2022-10-13 03:00:00 UTC,17.09,25.00,25.70,24006.00,-86.83,65.33,65.03,25.00
2022-10-13 04:00:00 UTC,15.26,23.70,24.33,24066.87,-87.27,64.80,65.40,23.70
2022-10-13 05:00:00 UTC,15.65,23.37,24.16,24127.00,-87.17,64.73,65.00,23.37
2022-10-13 06:00:00 UTC,13.73,21.92,22.62,24187.00,-88.23,64.60,65.40,21.92
2022-10-13 07:00:00 UTC,13.56,22.10,22.71,24247.00,-88.10,70.47,56.00,22.08
2022-10-13 08:00:00 UTC,13.80,21.94,22.62,24307.00,-88.80,74.40,49.40,21.89
2022-10-13 09:00:00 UTC,16.69,24.76,25.54,24367.00,-88.20,75.63,48.87,24.76
2022-10-13 10:00:00 UTC,16.10,25.69,26.75,24427.00,-89.70,75.77,52.03,25.16
2022-10-13 11:00:00 UTC,8.96,16.34,17.33,24486.00,-89.72,76.79,51.62,16.34
2022-10-13 12:00:00 UTC,10.21,18.32,19.40,24545.00,-88.50,77.50,51.37,18.32
2022-10-13 13:00:00 UTC,6.14,12.27,13.26,24605.00,-88.17,75.20,57.53,12.27
2022-10-13 14:00:00 UTC,9.23,17.68,18.41,24665.00,-89.20,74.53,60.33,17.68
2022-10-13 15:00:00 UTC,7.81,15.12,15.97,24725.00,-89.43,72.77,63.57,15.12
2022-10-13 16:00:00 UTC,4.04,7.46,7.96,24785.00,-89.63,72.50,62.03,7.46
2022-10-13 17:00:00 UTC,5.40,10.47,11.18,24845.00,-89.13,72.20,61.13,10.47
2022-10-13 18:00:00 UTC,6.23,12.36,13.49,24905.00,-89.03,72.37,60.00,12.36
2022-10-13 19:00:00 UTC,5.68,10.16,11.30,24965.00,-89.53,72.77,59.17,10.16
2022-10-13 20:00:00 UTC,4.31,7.87,8.90,25025.00,-89.07,71.40,59.60,7.87
2022-10-13 21:00:00 UTC,4.48,8.05,8.66,25085.83,-89.33,72.07,59.30,7.97
2022-10-13 22:00:00 UTC,3.38,6.08,6.47,25146.00,-88.50,71.07,61.50,6.08
2022-10-13 23:00:00 UTC,4.77,8.20,8.77,25206.00,-88.97,70.10,63.80,8.20,
2022-10-14 00:00:00 UTC,5.94,10.34,11.62,25266.00,-88.87,70.13,61.17,10.34
2022-10-14 01:00:00 UTC,5.33,9.04,9.76,25326.00,-88.40,69.80,61.20,9.04
2022-10-14 02:00:00 UTC,3.94,6.77,7.27,25386.00,-87.57,70.07,58.87,6.77
2022-10-14 03:00:00 UTC,2.08,4.33,4.61,25446.00,-88.33,69.77,59.70,4.33
2022-10-14 04:00:00 UTC,2.57,4.97,5.32,25506.00,-88.17,69.07,60.30,4.97
2022-10-14 05:00:00 UTC,1.61,3.44,3.79,25566.00,-88.70,69.23,59.83,3.44
2022-10-14 06:00:00 UTC,0.44,2.32,2.66,25626.00,-89.57,69.90,58.50,2.32
2022-10-14 07:00:00 UTC,0.60,2.35,2.67,25686.00,-88.40,70.50,57.27,2.35
2022-10-14 08:00:00 UTC,0.17,1.50,1.89,25746.00,-87.97,71.43,56.33,1.50
2022-10-14 09:00:00 UTC,0.61,1.95,2.28,25806.00,-87.93,75.63,50.73,1.95
2022-10-14 10:00:00 UTC,0.73,1.58,1.80,25866.00,-86.77,77.50,47.67,1.58
2022-10-14 11:00:00 UTC,0.37,0.83,0.98,25926.00,-86.53,80.23,43.80,0.72
2022-10-14 12:00:00 UTC,0.32,0.80,0.91,25986.00,-87.10,83.50,38.80,0.65
2022-10-14 13:00:00 UTC,0.00,0.00,0.00,26045.69,-87.90,84.00,37.14,0.00
2022-10-14 14:00:00 UTC,0.00,0.00,0.00,26106.00,-89.50,82.47,39.63,0.00
2022-10-14 15:00:00 UTC,0.37,0.95,1.15,26166.00,-89.83,80.90,41.77,0.95
2022-10-14 16:00:00 UTC,0.28,0.78,0.89,26226.00,-89.40,78.60,43.10,0.78
2022-10-14 17:00:00 UTC,0.03,0.11,0.15,26286.00,-88.23,76.83,49.00,0.11
2022-10-14 18:00:00 UTC,0.12,0.30,0.34,26346.00,-88.53,74.97,52.67,0.27
2022-10-14 19:00:00 UTC,0.00,0.01,0.03,26406.00,-88.50,74.13,53.13,0.01
2022-10-14 20:00:00 UTC,0.29,0.59,0.63,26466.00,-89.47,73.67,54.33,0.59
2022-10-14 21:00:00 UTC,0.57,1.16,1.23,26526.00,-88.77,73.30,53.73,1.12
2022-10-14 22:00:00 UTC,0.05,0.20,0.29,26586.00,-88.40,72.97,55.67,0.20
2022-10-14 23:00:00 UTC,0.14,0.48,0.57,26646.00,-88.17,72.63,55.57,0.48,
2022-10-15 00:00:00 UTC,0.00,0.00,0.01,26706.00,-88.00,71.60,56.43,0.00
2022-10-15 01:00:00 UTC,0.00,0.00,0.06,26766.00,-86.87,71.07,56.93,0.00
2022-10-15 02:00:00 UTC,0.00,0.08,0.16,26826.00,-87.83,70.80,57.10,0.08
2022-10-15 03:00:00 UTC,0.00,0.07,0.12,26886.00,-87.43,70.27,58.13,0.07
2022-10-15 04:00:00 UTC,0.20,0.54,0.78,26946.00,-87.43,69.13,59.97,0.54
2022-10-15 05:00:00 UTC,2.71,4.90,5.34,27006.00,-87.87,68.60,59.70,4.90
2022-10-15 06:00:00 UTC,0.00,0.17,0.48,27066.00,-87.40,69.20,58.37,0.17
2022-10-15 07:00:00 UTC,0.10,0.58,0.93,27126.00,-88.10,71.97,52.87,0.58
2022-10-15 08:00:00 UTC,0.03,0.24,0.47,27186.00,-87.93,73.57,50.50,0.24
2022-10-15 09:00:00 UTC,0.00,0.02,0.07,27246.00,-89.40,74.20,47.53,0.02
2022-10-15 10:00:00 UTC,0.00,0.01,0.05,27306.00,-89.23,77.33,42.67,0.01
2022-10-15 11:00:00 UTC,0.00,0.00,0.00,27366.00,-89.10,83.17,35.60,0.00
2022-10-15 12:00:00 UTC,0.04,0.67,0.94,27426.00,-88.93,83.60,37.63,0.67
2022-10-15 13:00:00 UTC,0.27,1.57,1.88,27486.00,-88.60,85.50,35.53,1.57
2022-10-15 14:00:00 UTC,0.00,0.05,0.17,27546.00,-89.03,86.43,32.90,0.05
2022-10-15 15:00:00 UTC,0.00,0.04,0.13,27606.00,-88.97,85.57,35.37,0.04
2022-10-15 16:00:00 UTC,0.01,0.29,0.59,27666.00,-89.03,83.47,38.87,0.29
2022-10-15 17:00:00 UTC,0.36,1.23,1.54,27726.00,-87.83,77.87,48.47,1.23
2022-10-15 18:00:00 UTC,5.15,10.50,11.00,27786.00,-87.60,76.03,54.50,10.50
2022-10-15 19:00:00 UTC,12.28,20.74,21.49,27846.00,-88.00,74.93,56.27,20.74
2022-10-15 20:00:00 UTC,14.40,22.49,23.32,27906.00,-88.03,72.67,59.90,22.48
2022-10-15 21:00:00 UTC,8.05,16.18,16.95,27966.00,-87.97,71.37,61.07,16.18
2022-10-15 22:00:00 UTC,4.76,8.15,8.55,28026.00,-88.00,70.03,60.97,8.15
2022-10-15 23:00:00 UTC,3.51,6.34,6.66,28086.00,-87.30,70.03,60.90,6.34,
2022-10-16 00:00:00 UTC,3.06,5.98,6.42,28146.00,-87.37,70.40,62.83,5.98
2022-10-16 01:00:00 UTC,2.58,5.09,5.42,28206.00,-87.33,70.53,64.13,5.09
2022-10-16 02:00:00 UTC,2.94,5.64,5.92,28266.00,-87.30,70.40,64.10,5.64
2022-10-16 03:00:00 UTC,2.75,5.42,5.71,28326.00,-87.07,69.63,63.30,5.42
2022-10-16 04:00:00 UTC,3.05,5.88,6.09,28386.00,-87.73,70.23,62.70,5.88
2022-10-16 05:00:00 UTC,3.26,6.16,6.40,28446.00,-87.27,69.63,62.33,6.16
2022-10-16 06:00:00 UTC,2.99,5.64,5.93,28506.00,-87.60,70.67,60.97,5.64
2022-10-16 07:00:00 UTC,3.61,6.66,6.99,28566.00,-87.73,71.93,59.53,6.66
2022-10-16 08:00:00 UTC,3.23,6.00,6.26,28626.00,-88.30,75.03,56.70,6.00
2022-10-16 09:00:00 UTC,1.10,3.24,3.45,28686.00,-88.47,76.17,54.50,3.24
2022-10-16 10:00:00 UTC,0.65,2.47,2.74,28746.00,-87.93,76.23,54.80,2.47
2022-10-16 11:00:00 UTC,0.17,1.87,2.18,28806.00,-87.70,78.10,51.00,1.87
2022-10-16 12:00:00 UTC,0.08,1.19,1.39,28866.00,-88.43,80.03,47.40,1.19
2022-10-16 13:00:00 UTC,0.12,0.61,0.87,28926.00,-89.37,79.13,48.87,0.61
2022-10-16 14:00:00 UTC,0.08,0.82,1.16,28986.00,-87.87,78.30,50.10,0.82
2022-10-16 15:00:00 UTC,0.04,1.13,1.39,29046.00,-88.23,76.50,56.13,1.13
2022-10-16 16:00:00 UTC,0.23,1.39,1.83,29106.00,-88.13,74.57,59.53,1.39
2022-10-16 17:00:00 UTC,0.84,2.86,3.16,29166.00,-87.90,75.60,56.97,2.86
2022-10-16 18:00:00 UTC,0.96,3.01,3.28,29226.00,-88.37,74.60,59.43,3.01
2022-10-16 19:00:00 UTC,1.88,3.76,3.96,29286.00,-88.50,74.87,57.83,3.76
2022-10-16 20:00:00 UTC,2.31,4.75,5.04,29346.00,-89.23,74.47,56.63,4.75
2022-10-16 21:00:00 UTC,2.59,4.76,4.96,29406.00,-88.13,72.93,58.20,4.76
2022-10-16 22:00:00 UTC,1.24,3.21,3.40,29466.00,-88.03,72.10,57.17,3.21
2022-10-16 23:00:00 UTC,1.54,3.58,3.84,29526.00,-87.37,71.83,55.90,3.58,
2022-10-17 00:00:00 UTC,0.75,2.99,3.22,29586.00,-87.40,71.30,55.63,2.99
2022-10-17 01:00:00 UTC,0.76,2.79,3.03,29646.00,-87.07,71.80,54.53,2.79
2022-10-17 02:00:00 UTC,0.28,2.08,2.37,29706.17,-87.90,71.66,54.10,2.08
2022-10-17 03:00:00 UTC,0.34,2.03,2.28,29766.00,-87.07,72.27,52.60,2.03
2022-10-17 04:00:00 UTC,0.36,1.65,1.92,29826.00,-87.40,72.63,50.60,1.65
2022-10-17 05:00:00 UTC,0.00,0.66,1.08,29886.00,-88.03,72.63,49.97,0.66
2022-10-17 06:00:00 UTC,0.00,0.56,0.83,29946.00,-88.23,72.60,50.57,0.56
2022-10-17 07:00:00 UTC,0.12,1.40,1.62,30006.00,-88.37,73.97,51.50,1.40
2022-10-17 08:00:00 UTC,0.77,2.58,3.01,30066.00,-90.70,75.50,49.77,2.58
2022-10-17 09:00:00 UTC,0.52,1.96,2.32,30126.00,-89.47,77.53,46.13,1.96
2022-10-17 10:00:00 UTC,0.49,1.87,2.32,30186.00,-89.80,79.20,42.63,1.87
2022-10-17 11:00:00 UTC,0.48,1.76,2.07,30246.00,-91.27,82.07,38.97,1.76
2022-10-17 12:00:00 UTC,0.23,1.42,1.83,30306.00,-90.13,81.47,42.03,1.42
2022-10-17 13:00:00 UTC,0.22,1.37,1.80,30364.93,-89.71,78.57,45.25,1.37
2022-10-17 14:00:00 UTC,0.18,1.81,2.11,30427.00,-89.40,78.10,47.53,1.81
2022-10-17 15:00:00 UTC,0.85,2.95,3.31,30487.00,-89.53,75.10,54.53,2.95
2022-10-17 16:00:00 UTC,2.57,4.85,5.30,30547.00,-87.60,72.27,61.03,4.85
2022-10-17 17:00:00 UTC,4.56,7.86,8.32,30605.86,-88.93,73.64,60.46,7.86
2022-10-17 18:00:00 UTC,6.28,11.58,12.82,30666.00,-89.90,72.29,65.71,11.58
2022-10-17 19:00:00 UTC,6.27,11.92,13.02,30727.00,-88.93,73.20,63.30,11.92
2022-10-17 20:00:00 UTC,8.48,16.42,17.42,30787.00,-91.60,74.77,57.47,16.33
2022-10-17 21:00:00 UTC,6.83,12.56,13.48,30847.00,-89.90,75.77,52.07,12.56
2022-10-17 22:00:00 UTC,3.73,6.35,6.61,30907.00,-91.27,75.40,48.03,6.35
2022-10-17 23:00:00 UTC,7.07,13.02,13.95,30967.00,-90.27,74.80,50.87,13.02,
2022-10-18 00:00:00 UTC,7.34,14.13,14.88,31027.00,-90.10,72.77,52.90,14.13
2022-10-18 01:00:00 UTC,4.72,7.91,8.27,31087.00,-90.13,71.07,54.67,7.91
2022-10-18 02:00:00 UTC,3.61,6.16,6.43,31147.00,-90.10,70.27,54.93,6.16
2022-10-18 03:00:00 UTC,2.55,4.88,5.13,31207.00,-90.27,68.97,56.17,4.88
2022-10-18 04:00:00 UTC,2.69,5.15,5.41,31267.00,-90.10,68.23,56.30,5.15
2022-10-18 05:00:00 UTC,3.28,5.85,6.22,31327.00,-90.30,67.47,56.93,5.85
2022-10-18 06:00:00 UTC,4.25,7.34,7.76,31387.00,-90.37,67.70,56.67,7.34
2022-10-18 07:00:00 UTC,5.21,9.41,10.01,31447.00,-90.10,71.03,52.43,9.41
2022-10-18 08:00:00 UTC,5.61,10.25,11.33,31507.00,-89.60,75.97,45.70,10.25
2022-10-18 09:00:00 UTC,3.38,6.06,6.42,31567.00,-90.53,79.83,41.93,6.06
2022-10-18 10:00:00 UTC,1.77,3.99,4.31,31627.00,-90.53,78.60,46.70,3.99
2022-10-18 11:00:00 UTC,1.81,3.68,3.93,31686.00,-91.62,83.72,43.66,3.68
2022-10-18 12:00:00 UTC,0.69,2.67,2.91,31746.00,-91.39,79.81,51.45,2.67
2022-10-18 13:00:00 UTC,0.26,1.45,1.72,31807.00,-90.20,81.77,48.00,1.45
2022-10-18 14:00:00 UTC,0.63,2.28,2.56,31867.00,-90.47,83.63,46.23,2.28
2022-10-18 15:00:00 UTC,0.41,2.23,2.56,31927.00,-91.03,83.80,47.03,2.23
2022-10-18 16:00:00 UTC,1.11,2.98,3.29,31986.00,-91.03,79.69,53.76,2.98
2022-10-18 17:00:00 UTC,2.59,5.06,5.35,32045.00,-90.07,74.20,64.67,5.06
2022-10-18 18:00:00 UTC,2.92,5.37,5.64,32105.00,-91.27,74.40,65.77,5.37
2022-10-18 19:00:00 UTC,3.81,6.79,7.11,32165.00,-92.20,75.20,64.47,6.79
2022-10-18 20:00:00 UTC,5.62,10.77,11.59,32225.00,-93.57,73.03,66.57,10.77
2022-10-18 21:00:00 UTC,20.35,31.48,32.51,32285.00,-92.90,73.77,65.77,29.88
2022-10-18 22:00:00 UTC,14.35,24.61,25.52,32345.00,-92.40,73.43,63.43,24.18
2022-10-18 23:00:00 UTC,9.14,19.68,20.44,32405.00,-92.03,72.53,62.60,19.68,
2022-10-19 00:00:00 UTC,13.56,23.12,23.97,32465.00,-93.30,71.07,65.03,23.12
2022-10-19 01:00:00 UTC,16.06,25.22,26.37,32525.00,-91.30,70.97,65.67,25.22
2022-10-19 02:00:00 UTC,8.25,17.55,18.40,32585.00,-91.30,70.30,64.67,17.55
2022-10-19 03:00:00 UTC,7.55,17.15,17.87,32645.00,-91.77,67.93,68.50,17.15
2022-10-19 04:00:00 UTC,8.09,18.33,18.75,32705.00,-91.73,67.63,68.93,18.33
2022-10-19 05:00:00 UTC,7.63,17.21,17.83,32765.00,-91.30,66.13,70.20,17.21
2022-10-19 06:00:00 UTC,7.92,17.41,18.19,32825.00,-91.03,66.17,70.00,17.41
2022-10-19 07:00:00 UTC,8.11,17.72,18.32,32885.00,-91.47,68.87,63.83,17.72
2022-10-19 08:00:00 UTC,8.95,18.37,19.10,32945.00,-92.03,73.60,57.93,18.37
2022-10-19 09:00:00 UTC,7.80,17.15,17.88,33005.00,-91.97,75.87,56.53,17.15
2022-10-19 10:00:00 UTC,7.45,15.76,16.69,33065.00,-93.40,77.23,55.03,15.76
2022-10-19 11:00:00 UTC,3.62,6.92,7.49,33125.00,-92.50,78.77,52.87,6.92
2022-10-19 12:00:00 UTC,3.94,7.20,7.82,33185.00,-90.80,82.47,46.63,7.18
2022-10-19 13:00:00 UTC,4.14,8.28,8.94,33245.80,-90.73,78.90,55.43,8.28
2022-10-19 14:00:00 UTC,2.99,6.59,7.13,33286.00,-88.40,77.40,57.10,6.59
2022-10-19 15:00:00 UTC,,,,,,,,
2022-10-19 16:00:00 UTC,7.72,16.28,16.94,22.00,-91.35,78.00,58.65,16.28
2022-10-19 17:00:00 UTC,6.76,14.02,15.02,72.00,-90.43,76.53,60.20,14.02
2022-10-19 18:00:00 UTC,16.06,26.04,26.88,132.00,-90.80,76.13,61.70,25.41
2022-10-19 19:00:00 UTC,17.90,25.99,26.93,192.00,-90.73,74.53,61.30,25.90
2022-10-19 20:00:00 UTC,16.06,24.52,25.39,252.00,-90.37,73.37,62.60,24.52
2022-10-19 21:00:00 UTC,12.10,21.61,22.63,312.00,-91.60,72.13,64.23,21.59
2022-10-19 22:00:00 UTC,9.03,19.15,19.90,372.00,-90.80,71.00,65.10,19.15
2022-10-19 23:00:00 UTC,6.89,15.38,16.67,432.00,-92.33,71.30,64.60,15.38,
2022-10-20 00:00:00 UTC,6.17,13.20,14.84,492.00,-91.10,70.33,66.00,13.20
2022-10-20 01:00:00 UTC,5.88,11.23,13.02,552.00,-91.60,69.77,67.37,11.23
2022-10-20 02:00:00 UTC,5.11,9.68,11.00,612.00,-90.63,69.87,66.70,9.68
2022-10-20 03:00:00 UTC,5.79,11.89,13.67,672.00,-91.17,69.67,67.03,11.89
2022-10-20 04:00:00 UTC,6.14,12.74,14.28,732.00,-90.87,69.67,67.13,12.74
2022-10-20 05:00:00 UTC,5.69,11.43,12.72,792.00,-90.97,69.87,66.50,11.43
2022-10-20 06:00:00 UTC,5.03,9.50,10.58,852.43,-91.40,69.87,62.50,9.50
2022-10-20 07:00:00 UTC,4.53,8.59,9.34,913.00,-91.07,73.00,58.07,8.59
2022-10-20 08:00:00 UTC,4.45,8.75,9.61,973.00,-90.57,73.90,58.20,8.75
2022-10-20 09:00:00 UTC,3.77,7.29,8.04,1033.00,-90.30,74.87,58.30,7.29
2022-10-20 10:00:00 UTC,3.53,6.99,7.58,1093.00,-90.70,74.70,59.17,6.99
2022-10-20 11:00:00 UTC,3.91,7.15,7.80,1153.00,-89.80,74.57,58.97,7.15
2022-10-20 12:00:00 UTC,3.15,6.26,6.88,1213.00,-89.97,74.10,59.13,6.26
2022-10-20 13:00:00 UTC,3.25,6.41,7.00,1273.00,-90.37,73.60,59.33,6.41
2022-10-20 14:00:00 UTC,3.10,6.12,6.71,1333.00,-90.57,72.87,60.73,6.12
2022-10-20 15:00:00 UTC,3.49,6.67,7.26,1393.00,-89.47,72.50,61.90,6.67
2022-10-20 16:00:00 UTC,3.82,7.25,7.80,1453.00,-89.90,71.93,62.83,7.25
2022-10-20 17:00:00 UTC,4.05,7.25,7.67,1513.00,-90.27,72.33,61.93,7.25
2022-10-20 18:00:00 UTC,3.82,7.12,7.50,1573.00,-89.57,71.47,60.83,7.12
2022-10-20 19:00:00 UTC,4.61,8.26,8.97,1633.00,-89.33,72.60,58.53,8.26
2022-10-20 20:00:00 UTC,3.00,5.72,6.19,1693.00,-89.17,71.37,61.53,5.72
2022-10-20 21:00:00 UTC,3.48,6.33,6.70,1753.00,-89.63,70.93,62.77,6.33
2022-10-20 22:00:00 UTC,3.26,6.05,6.50,1813.00,-89.03,71.37,62.97,6.05
2022-10-20 23:00:00 UTC,3.19,5.92,6.39,1873.00,-89.00,72.47,62.03,5.92,
2022-10-21 00:00:00 UTC,3.06,5.79,6.19,1933.00,-89.50,73.37,62.00,5.79
2022-10-21 01:00:00 UTC,3.13,5.92,6.44,1993.00,-89.53,73.03,62.27,5.92
2022-10-21 02:00:00 UTC,3.21,5.80,6.25,2053.00,-89.40,73.73,61.40,5.80
2022-10-21 03:00:00 UTC,2.91,5.59,6.11,2113.00,-89.40,73.53,63.13,5.59
2022-10-21 04:00:00 UTC,2.83,5.39,5.78,2173.00,-88.80,73.07,64.40,5.39
2022-10-21 05:00:00 UTC,2.69,5.16,5.69,2233.00,-89.17,73.63,64.23,5.16
2022-10-21 06:00:00 UTC,3.00,5.80,6.30,2293.00,-90.27,73.00,67.53,5.80
2022-10-21 07:00:00 UTC,3.23,6.18,6.58,2353.00,-90.97,72.83,68.30,6.18
2022-10-21 08:00:00 UTC,3.16,5.87,6.48,2413.00,-91.20,74.03,66.27,5.87
2022-10-21 09:00:00 UTC,2.85,5.80,6.45,2473.00,-91.40,74.40,66.53,5.80
2022-10-21 10:00:00 UTC,2.39,5.26,5.82,2533.00,-91.53,73.97,68.00,5.26
2022-10-21 11:00:00 UTC,2.56,5.54,6.26,2592.00,-91.21,74.69,67.93,5.54
2022-10-21 12:00:00 UTC,0.77,3.03,3.67,2651.00,-90.30,76.60,67.03,3.03
2022-10-21 13:00:00 UTC,0.43,2.53,3.31,2711.00,-91.97,76.70,68.00,2.53
2022-10-21 14:00:00 UTC,0.26,2.58,3.38,2771.00,-94.73,73.87,72.00,2.58
2022-10-21 15:00:00 UTC,0.99,3.73,4.52,2832.29,-92.68,74.43,74.32,3.73
2022-10-21 16:00:00 UTC,2.02,5.46,6.38,2891.00,-92.63,73.83,75.27,5.25
2022-10-21 17:00:00 UTC,2.82,6.56,7.76,2948.96,-93.48,74.19,73.44,6.55
2022-10-21 18:00:00 UTC,8.00,16.43,17.96,3013.48,-93.19,74.96,70.48,14.72
2022-10-21 19:00:00 UTC,4.42,9.51,10.60,3071.00,-91.30,74.47,71.03,9.12
2022-10-21 20:00:00 UTC,11.58,23.08,25.01,3131.00,-90.10,75.07,71.70,20.12
2022-10-21 21:00:00 UTC,7.48,15.51,17.07,3191.00,-90.50,74.83,70.97,14.40
2022-10-21 22:00:00 UTC,3.98,8.67,9.62,3250.41,-91.07,74.14,71.76,8.56
2022-10-21 23:00:00 UTC,2.85,6.86,7.84,3311.00,-91.17,74.10,69.63,6.74,
2022-10-22 00:00:00 UTC,0.52,2.87,3.54,3371.00,-90.47,73.23,68.47,2.87
2022-10-22 01:00:00 UTC,0.17,2.12,2.79,3431.00,-90.67,73.57,66.37,2.12
2022-10-22 02:00:00 UTC,0.32,2.81,3.52,3491.00,-90.53,73.20,66.07,2.81
2022-10-22 03:00:00 UTC,0.72,3.61,4.15,3551.00,-89.77,73.70,65.10,3.61
2022-10-22 04:00:00 UTC,1.60,4.49,5.20,3611.00,-90.90,74.57,62.43,4.49
2022-10-22 05:00:00 UTC,2.14,5.36,6.09,3671.00,-89.97,74.17,62.93,5.36
2022-10-22 06:00:00 UTC,3.67,7.07,7.91,3731.00,-90.57,72.90,66.37,7.07
2022-10-22 07:00:00 UTC,6.08,12.61,14.68,3791.00,-91.30,74.30,64.90,12.59
2022-10-22 08:00:00 UTC,5.49,11.33,12.87,3851.00,-92.10,75.83,60.97,11.27
2022-10-22 09:00:00 UTC,3.95,7.70,8.56,3911.00,-92.23,76.00,59.30,7.70
2022-10-22 10:00:00 UTC,3.58,7.09,7.90,3971.00,-92.83,75.73,56.50,7.09
2022-10-22 11:00:00 UTC,3.99,8.36,9.12,4026.80,-93.52,76.92,54.92,8.24
2022-10-22 12:00:00 UTC,4.19,8.54,9.80,4066.00,-95.67,78.00,55.67,8.54
2022-10-22 13:00:00 UTC,,,,,,,,
2022-10-22 14:00:00 UTC,0.68,2.53,3.11,9.33,-95.00,83.00,43.00,2.53
2022-10-22 15:00:00 UTC,3.18,6.71,7.50,37.53,-91.29,79.59,55.47,6.71
2022-10-22 16:00:00 UTC,4.57,10.02,11.53,96.38,-91.69,75.86,63.21,10.02
2022-10-22 17:00:00 UTC,5.28,11.39,13.03,153.67,-92.17,74.92,64.29,11.39
2022-10-22 18:00:00 UTC,4.62,10.10,11.53,215.27,-91.91,73.82,64.27,10.10
2022-10-22 19:00:00 UTC,4.82,10.14,11.66,279.29,-91.14,73.43,64.14,10.14
2022-10-22 20:00:00 UTC,4.41,8.84,9.94,336.22,-91.39,74.72,64.22,8.84
2022-10-22 21:00:00 UTC,3.80,7.90,8.84,398.79,-91.46,73.21,66.54,7.89
2022-10-22 22:00:00 UTC,3.78,7.42,8.21,457.00,-90.73,73.93,67.03,7.42
2022-10-22 23:00:00 UTC,4.01,7.79,8.72,517.86,-90.17,74.17,66.59,7.79,
2022-10-23 00:00:00 UTC,4.59,8.67,9.87,576.32,-90.48,74.04,66.60,8.67
2022-10-23 01:00:00 UTC,3.93,7.68,8.63,638.82,-90.21,73.75,64.82,7.68
2022-10-23 02:00:00 UTC,3.53,7.15,7.97,697.83,-90.52,74.55,61.52,7.15
2022-10-23 03:00:00 UTC,3.28,6.75,7.63,754.22,-90.13,74.52,57.70,6.75
2022-10-23 04:00:00 UTC,2.44,5.67,6.54,816.35,-90.65,74.88,55.08,5.67
2022-10-23 05:00:00 UTC,3.55,7.42,8.38,878.80,-90.44,74.76,56.48,7.39
2022-10-23 06:00:00 UTC,3.67,7.37,8.30,937.50,-90.50,74.13,58.57,7.37
2022-10-23 07:00:00 UTC,3.99,7.85,8.98,997.00,-91.09,74.65,57.39,7.85
2022-10-23 08:00:00 UTC,4.08,8.07,9.12,1058.33,-90.89,76.37,54.22,8.07
2022-10-23 09:00:00 UTC,4.04,8.00,8.86,1117.79,-91.54,79.46,49.89,8.00
2022-10-23 10:00:00 UTC,3.43,6.89,7.83,1179.36,-90.86,81.21,45.25,6.89
2022-10-23 11:00:00 UTC,2.59,5.74,6.42,1238.52,-90.48,82.97,40.79,5.74
2022-10-23 12:00:00 UTC,2.36,5.27,6.04,1297.15,-90.48,84.96,40.93,5.27
2022-10-23 13:00:00 UTC,2.65,5.70,6.46,1357.00,-91.06,82.52,46.52,5.70
2022-10-23 14:00:00 UTC,2.64,5.87,6.71,1418.00,-90.40,81.07,46.83,5.87
2022-10-23 15:00:00 UTC,3.62,7.53,8.46,1478.86,-91.76,79.83,48.14,7.51
2022-10-23 16:00:00 UTC,4.35,8.44,9.86,1537.36,-91.00,78.75,51.07,8.44
2022-10-23 17:00:00 UTC,5.15,9.94,12.05,1600.62,-91.29,77.29,52.62,9.94
2022-10-23 18:00:00 UTC,5.46,11.21,12.90,1656.95,-91.84,76.21,54.89,11.21
2022-10-23 19:00:00 UTC,6.13,12.46,14.56,1718.81,-92.85,76.31,56.58,12.43
2022-10-23 20:00:00 UTC,5.08,10.12,12.14,1777.00,-92.47,76.30,55.43,10.12
2022-10-23 21:00:00 UTC,3.62,7.48,8.26,1837.00,-91.57,76.63,52.87,7.48
2022-10-23 22:00:00 UTC,3.69,7.19,7.97,1897.00,-92.03,77.43,51.63,7.19
2022-10-23 23:00:00 UTC,3.40,6.90,7.54,1957.00,-92.03,76.77,53.63,6.90,
2022-10-24 00:00:00 UTC,2.40,5.62,6.35,2017.00,-91.57,77.00,52.53,5.62
2022-10-24 01:00:00 UTC,2.03,5.09,5.72,2077.00,-92.17,76.40,55.00,5.09
2022-10-24 02:00:00 UTC,2.83,6.31,7.07,2137.00,-91.20,75.37,60.07,6.31
2022-10-24 03:00:00 UTC,3.55,7.52,8.36,2197.00,-91.80,74.90,63.07,7.52
2022-10-24 04:00:00 UTC,2.98,6.69,7.53,2257.00,-91.80,74.70,63.73,6.69
2022-10-24 05:00:00 UTC,3.19,6.93,7.72,2317.00,-91.93,74.37,64.13,6.93
2022-10-24 06:00:00 UTC,3.41,7.09,7.90,2375.04,-91.44,73.63,64.70,7.09
2022-10-24 07:00:00 UTC,3.39,6.99,7.94,2439.54,-90.00,74.96,65.39,6.99
2022-10-24 08:00:00 UTC,3.25,6.91,7.73,2498.00,-91.37,76.33,63.07,6.91
2022-10-24 09:00:00 UTC,2.02,5.03,5.70,2558.00,-89.43,76.73,61.23,5.03
2022-10-24 10:00:00 UTC,1.72,4.58,5.31,2618.00,-89.43,77.33,59.63,4.58
2022-10-24 11:00:00 UTC,1.13,3.76,4.43,2678.00,-89.53,78.13,57.43,3.76
2022-10-24 12:00:00 UTC,1.12,3.81,4.57,2738.00,-89.27,77.53,59.73,3.81
2022-10-24 13:00:00 UTC,0.77,3.51,4.24,2798.00,-89.63,78.40,58.13,3.51
2022-10-24 14:00:00 UTC,0.70,3.46,4.18,2858.00,-90.00,80.17,53.87,3.46
2022-10-24 15:00:00 UTC,1.12,3.85,4.57,2918.00,-90.23,76.73,63.27,3.85
2022-10-24 16:00:00 UTC,1.93,5.46,6.50,2978.00,-94.43,74.80,65.10,5.44
2022-10-24 17:00:00 UTC,2.17,5.35,6.18,3038.00,-90.83,74.33,67.60,5.35
2022-10-24 18:00:00 UTC,3.26,7.03,7.87,3098.00,-90.53,75.20,67.83,6.99
2022-10-24 19:00:00 UTC,4.37,8.33,9.30,3158.00,-90.03,75.83,63.97,8.33
2022-10-24 20:00:00 UTC,3.48,6.98,7.81,3218.00,-90.80,75.17,64.00,6.98
2022-10-24 21:00:00 UTC,2.86,6.12,6.82,3278.00,-90.37,75.33,64.13,6.12
2022-10-24 22:00:00 UTC,3.43,6.97,7.78,3338.00,-90.23,75.77,64.43,6.97
2022-10-24 23:00:00 UTC,3.38,6.65,7.43,3398.00,-90.37,76.33,63.50,6.65,
2022-10-25 00:00:00 UTC,3.40,6.72,7.62,3458.00,-90.30,76.83,61.60,6.72
2022-10-25 01:00:00 UTC,3.05,6.03,6.80,3518.00,-89.93,76.40,60.93,6.03
2022-10-25 02:00:00 UTC,2.64,5.60,6.32,3578.00,-90.27,75.27,60.97,5.60
2022-10-25 03:00:00 UTC,3.52,6.79,7.56,3638.00,-90.17,73.07,63.77,6.79
2022-10-25 04:00:00 UTC,3.74,7.14,7.93,3698.00,-90.50,71.73,65.53,7.14
2022-10-25 05:00:00 UTC,2.99,6.04,6.71,3758.00,-89.80,70.23,65.83,6.04
2022-10-25 06:00:00 UTC,3.65,6.85,7.61,3818.00,-90.30,69.87,65.20,6.85
2022-10-25 07:00:00 UTC,3.53,7.16,8.00,3878.00,-90.80,71.60,61.07,7.16
2022-10-25 08:00:00 UTC,3.72,7.35,8.17,3938.00,-88.97,73.93,58.37,7.35
2022-10-25 09:00:00 UTC,3.76,7.26,8.33,3998.00,-89.10,78.03,55.33,7.26
2022-10-25 10:00:00 UTC,3.51,6.80,7.70,4058.00,-88.67,79.57,55.60,6.80
2022-10-25 11:00:00 UTC,3.19,6.59,7.39,4118.00,-89.30,84.87,49.13,6.59
2022-10-25 12:00:00 UTC,3.06,6.15,6.84,4178.00,-88.27,90.87,41.47,6.15
2022-10-25 13:00:00 UTC,2.47,5.19,5.84,4238.00,-89.10,94.40,36.50,5.19
2022-10-25 14:00:00 UTC,0.47,1.88,2.44,4298.00,-89.07,87.23,37.23,1.88
2022-10-25 15:00:00 UTC,0.26,1.93,2.44,4358.00,-88.87,78.93,46.20,1.92
2022-10-25 16:00:00 UTC,0.69,3.03,3.62,4418.00,-88.40,75.13,55.50,3.03
2022-10-25 17:00:00 UTC,0.45,2.65,3.11,4478.00,-88.23,73.53,57.23,2.65
2022-10-25 18:00:00 UTC,2.99,5.98,6.59,4538.00,-88.63,73.80,61.80,5.98
2022-10-25 19:00:00 UTC,2.57,5.31,6.00,4591.00,-87.83,75.00,55.70,5.31